Workbook

Sheet Cover Sheet
A3: KRI Information Report
A5: Month | B5: 46082
A6: Prepared By
A7: Date | B7: 46125
A10: CB Finance Approved By:
A11: Date
A14: DC Operations Approved By:
A15: Date
A17: Updated to CB Waiver/Losses Database
A18: Updated By
A19: Date
A22: General Information
A23: All of the above losses have been reported through Administrator and are not included on the CB W/L Database untill signed off and approved by CB Finance and DC Operations Exec Management.
A24: All loss amounts are inclusive of pre-funding.
A25: Any delays for external funds are not included in this report.
A26: DC is approving the individual significant movements and commentary, while Finance is approving the overall reporting finance totals
... A34: Are there any significant trends or issues to be noted - make sure to include on Detail w/s:

Sheet Summary 
A1: Type | B1: Appropriations | D1: Backdating Service Delay - within SLA | F1: Backdating Service Delay - Outside SLA | H1: Backdating Service Error | P1: Total
A2: Systemic | B2: Period | C2: Amount | D2: Period | E2: Amount | F2: Period | G2: Amount | H2: Period | I2: Amount | K2: =B3 -> Q1 (March Only) | L2: =SUMIFS( $C$3:$C$21, $B$3:$B$21, $K2) -> 0.077966631 | M2: =SUMIFS( $E$3:$E$21, $D$3:$D$21, $K2) -> -0.049229377 | N2: =SUMIFS( $G$3:$G$21, $F$3:$F$21, $K2) -> 0.47040213 | O2: =SUMIFS( $I$3:$I$21, $H$3:$H$21, $K2) -> 0 | P2: =SUM(L2:O2) -> 0.49913939
B3: Q1 (March Only) | C3: =Detail!$B$3/1000000 -> 0.077966631 | D3: Q1 | E3: 0 | F3: Q1 | G3: 0 | H3: Q1 | I3: 0 | K3: =B4 -> Q2 | L3: =SUMIFS( $C$3:$C$21, $B$3:$B$21, $K3) -> 0 | M3: =SUMIFS( $E$3:$E$21, $D$3:$D$21, $K3) -> 0 | N3: =SUMIFS( $G$3:$G$21, $F$3:$F$21, $K3) -> 0 | O3: =SUMIFS( $I$3:$I$21, $H$3:$H$21, $K3) -> 0 | P3: =SUM(L3:O3) -> 0
B4: Q2 | C4: 0 | D4: Q2 | E4: 0 | F4: Q2 | G4: 0 | H4: Q2 | I4: 0 | K4: =B5 -> Q3 | L4: =SUMIFS( $C$3:$C$21, $B$3:$B$21, $K4) -> 0 | M4: =SUMIFS( $E$3:$E$21, $D$3:$D$21, $K4) -> 0 | N4: =SUMIFS( $G$3:$G$21, $F$3:$F$21, $K4) -> 0 | O4: =SUMIFS( $I$3:$I$21, $H$3:$H$21, $K4) -> 0 | P4: =SUM(L4:O4) -> 0
B5: Q3 | C5: 0 | D5: Q3 | E5: 0 | F5: Q3 | G5: 0 | H5: Q3 | I5: 0 | K5: =B6 -> Q4 | L5: =SUMIFS( $C$3:$C$21, $B$3:$B$21, $K5) -> 0 | M5: =SUMIFS( $E$3:$E$21, $D$3:$D$21, $K5) -> 0 | N5: =SUMIFS( $G$3:$G$21, $F$3:$F$21, $K5) -> 0 | O5: =SUMIFS( $I$3:$I$21, $H$3:$H$21, $K5) -> 0 | P5: =SUM(L5:O5) -> 0
B6: Q4 | C6: 0 | D6: Q4 | E6: 0 | F6: Q4 | G6: 0 | H6: Q4 | I6: 0 | K6: Total | L6: =SUM(L2:L5) -> 0.077966631 | M6: =SUM(M2:M5) -> -0.049229377 | N6: =SUM(N2:N5) -> 0.47040213 | O6: =SUM(O2:O5) -> 0 | P6: =SUM(L6:O6) -> 0.49913939
A7: Service | B7: Period | C7: Amount | D7: Period | E7: Amount | F7: Period | G7: Amount | H7: Period | I7: Amount
A8: Delay | B8: Q1 | C8: 0 | D8: =B3 -> Q1 (March Only) | E8: =Detail!$B$6/1000000 -> -0.049229377 | F8: =B3 -> Q1 (March Only) | G8: =Detail!$B$36/1000000 -> 0.47040213 | H8: Q1 | I8: 0
B9: Q2 | C9: 0 | D9: =B4 -> Q2 | E9: 0 | F9: =B4 -> Q2 | G9: 0 | H9: Q2 | I9: 0
B10: Q3 | C10: 0 | D10: =B5 -> Q3 | E10: 0 | F10: =B5 -> Q3 | G10: 0 | H10: Q3 | I10: 0
B11: Q4 | C11: 0 | D11: =B6 -> Q4 | E11: 0 | F11: =B6 -> Q4 | G11: 0 | H11: Q4 | I11: 0
A12: Service | B12: Period | C12: Amount | D12: Period | E12: Amount | F12: Period | G12: Amount | H12: Period | I12: Amount
A13: Error | B13: Q1 | C13: 0 | D13: Q1 | E13: 0 | F13: Q1 | G13: 0 | H13: =B3 -> Q1 (March Only) | I13: =Detail!$B$39 -> 0
B14: Q2 | C14: 0 | D14: Q2 | E14: 0 | F14: Q2 | G14: 0 | H14: =B4 -> Q2 | I14: 0
B15: Q3 | C15: 0 | D15: Q3 | E15: 0 | F15: Q3 | G15: 0 | H15: =B5 -> Q3 | I15: 0
B16: Q4 | C16: 0 | D16: Q4 | E16: 0 | F16: Q4 | G16: 0 | H16: =B6 -> Q4 | I16: 0
A17: Unit Journals | B17: Period | C17: Amount | D17: Period | E17: Amount | F17: Period | G17: Amount | H17: Period | I17: Amount
B18: Q1 | C18: 0 | D18: Q1 | E18: 0 | F18: Q1 | G18: 0 | H18: =B3 -> Q1 (March Only) | I18: =Detail!$B$42/1000000 -> 0
B19: Q2 | C19: 0 | D19: Q2 | E19: 0 | F19: Q2 | G19: 0 | H19: =B4 -> Q2 | I19: 0
B20: Q3 | C20: 0 | D20: Q3 | E20: 0 | F20: Q3 | G20: 0 | H20: =B5 -> Q3 | I20: 0
B21: Q4 | C21: 0 | D21: Q4 | E21: 0 | F21: Q4 | G21: 0 | H21: =B6 -> Q4 | I21: 0 | J21: =B3 -> Q1 (March Only)
J22: Total cost
A23: Totals (Current Month) | C23: =C6 -> 0 | E23: =E11 -> 0 | G23: =G11 -> 0 | I23: =I21+I16 -> 0 | J23: =I23+E23+G23+C23 -> 0
A25: Summary for month | J25: =J23-E31/10^6 -> -0.49913939
A26: Approps over the month (1 day timing delay) | E26: =Detail!B3 -> 77966.631
A27: Gain/Loss on Backdating Service Costs completed within 5 day SLA | E27: =Detail!B6 -> -49229.377
A28: Gain/Loss on Backdating Service Costs completed outside of 5 day SLA | E28: =Detail!B36 -> 470402.13
A29: Gain/Loss on Backdating Service Errors completed outside of 5 day SLA | E29: =Detail!B39 -> 0
A30: Unit Journals | E30: =Detail!B42 -> 0
A31: Total Cost | E31: =SUM(E26:E30) -> 499139.39
A34: CLI Losses this month are: | B34: 0
A35: Reportable Errors for this month are: | B35: 0
A36: Loss Trend / Event | B36: Cover sheet to be updated

Sheet Detail
A1: LOSS TYPE | B1: Total - Loss /+Gain | C1: Scheme Number | D1: Sig Trend/Theme >€-5K/ €5K | E1: Sig Scheme Loss > €-10K / €+10K | F1: Sig Member Loss > €-5K / €+5K | G1: Sig Member Loss > €-5K / €+5K | H1: Summary Reason for Loss Event
F2: Member No | G2: Cost | H2: This will appear on ARC (Group Risk database)
A3: ='Summary '!A26 -> Approps over the month (1 day timing delay) | B3: =[1]Summary!$B$25 -> 77966.631 | H3: N'A
A5: Backdating Service Delay
A6: - Completed within Normal Business Practice (within SLA) | B6: =[1]Summary!$B$26 -> -49229.377
C7: ='[1]DC Timing Costs Pivot'!B11 -> 1987 | E7: ='[1]DC Timing Costs Pivot'!A11 -> 10752.114 | F7: 610760 | H7: SWTH of €0.6m with effective date 19/03/2026 and system date 23/03/2026. CB Approps were informed on 20/3/26. Preapprop was added on 20/03/2026. Gain due to price movements.
C8: ='[1]DC Timing Costs Pivot'!B12 -> 2549 | E8: ='[1]DC Timing Costs Pivot'!A12 -> -14636.399 | F8: 731936 | H8: Mediolanum International Fund scheme, SWTH of €0.9m with effective date 20/03/2026 and system date 23/03/2026. CB Approps were informed on 23/3/26. Preapprop was added on 23/03/2026. Loss due to price movements.
C9: ='[1]DC Timing Costs Pivot'!B13 -> 2549 | E9: ='[1]DC Timing Costs Pivot'!A13 -> -10374.403 | H9: Mediolanum International Fund scheme, SWTHs of €1.1m and €0.26m with effective date 03/03/2026 and system date 04/03/2026. CB Approps were informed on 03/03/2026 PM. Preapprop was added on 04/03/2026. Loss due to price movements.
C10: ='[1]DC Timing Costs Pivot'!B14 -> 2945 | E10: ='[1]DC Timing Costs Pivot'!A14 -> -33040.043 | H10: Irish Life and Canada Life D scheme, RSP of €4m with effective date 23/03/2026 and system date 27/03/2026. CB Approps were informed on 24/03/2026 PM. Preapprop was added on 25/03/2026. Loss due to price movements.
C11: ='[1]DC Timing Costs Pivot'!B15 -> 3000 | E11: ='[1]DC Timing Costs Pivot'!A15 -> 25541.017 | H11: CHC Ireland DAC. scheme, SWTH of €1.1m with effective date 06/03/2026 and system date 12/03/2026. CB Approps were informed on 09/03/2026. Preapprop was added on 09/03/2026. Gain due to price movements.
C12: ='[1]DC Timing Costs Pivot'!B16 -> 3123 | E12: ='[1]DC Timing Costs Pivot'!A16 -> 11618.871 | H12: Intel Ireland DC Plan scheme, RSP of €1.5m with effective date 11/03/2026 and system date 16/03/2026. CB Approps were informed on 11/03/2026 PM. Preapprop was added on 12/03/2026. Gain due to price movements.
C13: ='[1]DC Timing Costs Pivot'!B17 -> 3123 | E13: ='[1]DC Timing Costs Pivot'!A17 -> 13440.108 | H13: Intel Ireland DC Plan scheme, RSP of €1.5m with effective date 25/03/2026 and system date 27/03/2026. CB Approps were informed on 26/03/2026. Preapprop was added on 26/03/2026. Gain due to price movements.
C14: ='[1]DC Timing Costs Pivot'!B18 -> 3299 | E14: ='[1]DC Timing Costs Pivot'!A18 -> 21952.357 | H14: PricewaterhouseCoopers scheme, RSP of €2m with effective date 02/03/2026 and system date 06/03/2026. CB Approps were informed on 03/03/2026. Preapprop was added on 03/03/2026. Gain due to price movements.
C15: ='[1]DC Timing Costs Pivot'!B19 -> 3414 | E15: ='[1]DC Timing Costs Pivot'!A19 -> 12454.405 | H15: BKD & Partners Limited scheme, SWTH of €0m with effective date 04/03/2026 and system date 19/03/2026. CB Approps were informed on 04/03/2026 PM. Preapprop was added on 05/03/2026. Gain due to price movements.
C16: ='[1]DC Timing Costs Pivot'!B20 -> 3516 | E16: ='[1]DC Timing Costs Pivot'!A20 -> -13121.576 | H16: Irving Oil Ireland Limited scheme, SWTH of €0.7m with effective date 23/03/2026 and system date 24/03/2026. CB Approps were informed on 24/03/2026. Preapprop was added on 24/03/2026. Loss due to price movements.
C17: ='[1]DC Timing Costs Pivot'!B21 -> 3516 | E17: ='[1]DC Timing Costs Pivot'!A21 -> -15523.885 | H17: Irving Oil Ireland Limited scheme, SWTH of €0.7m with effective date 23/03/2026 and system date 24/03/2026. CB Approps were informed on 24/03/2026. Preapprop was added on 24/03/2026. Loss due to price movements.
C18: ='[1]DC Timing Costs Pivot'!B22 -> 3616 | E18: ='[1]DC Timing Costs Pivot'!A22 -> 82228.588 | H18: Google Ireland Limited scheme, RSP of €8.2m with effective date 26/03/2026 and system date 27/03/2026. CB Approps were informed on 26/03/2026. Preapprop was added on 27/03/2026. Gain due to price movements.
C19: ='[1]DC Timing Costs Pivot'!B23 -> 3616 | E19: ='[1]DC Timing Costs Pivot'!A23 -> 22019.467 | H19: Google Ireland Limited scheme, WTHD of €0.6m with effective date 20/03/2026 and system date 30/03/2026. CB Approps were informed on 09/03/2026, quoting effective date 09/03/2026. Preapprop was added on 10/03/2026. Gain due to price movements.
C20: ='[1]DC Timing Costs Pivot'!B24 -> 3645 | E20: ='[1]DC Timing Costs Pivot'!A24 -> 11022.246 | H20: Aer Lingus scheme, RSP of €1.3m with effective date 18/03/2026 and system date 23/03/2026. CB Approps were informed on 19/03/2026. Preapprop was added on 19/03/2026. Gain due to price movements.
... C34: ='[1]DC Timing Costs Pivot'!B38 -> 7769 | E34: ='[1]DC Timing Costs Pivot'!A38 -> -11730.822 | H34: PRB Jardine Lloyd Thompson L scheme, SWTH of €0.9m with effective date 25/03/2026 and system date 27/03/2026. CB Approps were informed on 26/03/2026. Preapprop was added on 26/03/2026. Loss due to price movements.
A36: - Completed outside SLA | B36: =[1]Summary!$B$27 -> 470402.13
A39: Backdating Service Error | B39: 0
A42: Unit Journals | B42: =[1]Summary!$B$30 -> 0
A46: Monthly Total | B46: =SUM(B3,B6,B36,B39,B42) -> 499139.39

Sheet Summary of DataBase Log
B1: Gross Amount | C1: Rec 1 | D1: Rec 2 | E1: Rec 3 | F1: Rec 4 | G1: Rec 5 | H1: Rec 6 | I1: Rec 7 | J1: Rec 8 | K1: Total Amount | L1: No of Records on ARC
A2: Appropriations
A4: Backdating Service Delay
A6: - Completed outside SLA
A8: Backdating Service Error
A10: Unit Journals Backdating Service Error
A12: April Total
